観測点名,都道府県,震度,Latitude,Longitude
益城町宮園,熊本県,7,32.78333333333333,130.81666666666666
玉名市天水町（旧２）,熊本県,C,32.86666666666667,130.6
西原村小森,熊本県,C,32.833333333333336,130.9
嘉島町上島,熊本県,C,32.733333333333334,130.75
宇城市松橋町,熊本県,C,32.65,130.68333333333334
宇城市不知火町,熊本県,C,32.65,130.66666666666666
宇城市小川町（旧２）,熊本県,C,32.6,130.7
宇城市豊野町,熊本県,C,32.63333333333333,130.75
熊本東区佐土原,熊本県,C,32.8,130.78333333333333
熊本西区春日,熊本県,C,32.78333333333333,130.68333333333334
熊本南区城南町（旧）,熊本県,C,32.71666666666667,130.73333333333332
熊本南区富合町,熊本県,C,32.71666666666667,130.68333333333334
玉名市横島町,熊本県,B,32.88333333333333,130.55
菊池市旭志（旧２）,熊本県,B,32.95,130.85
宇土市浦田町（旧）,熊本県,B,32.68333333333333,130.66666666666666
大津町大津（旧）,熊本県,B,32.88333333333333,130.86666666666667
菊陽町久保田,熊本県,B,32.86666666666667,130.83333333333334
御船町御船,熊本県,B,32.71666666666667,130.8
熊本美里町永富,熊本県,B,32.61666666666667,130.86666666666667
熊本美里町馬場,熊本県,B,32.63333333333333,130.78333333333333
山都町下馬尾,熊本県,B,32.68333333333333,130.98333333333332
氷川町島地,熊本県,B,32.583333333333336,130.66666666666666
合志市竹迫,熊本県,B,32.88333333333333,130.78333333333333
熊本中央区大江,熊本県,B,32.8,130.71666666666667
熊本北区植木町,熊本県,B,32.9,130.7
熊本高森町高森,熊本県,A,32.833333333333336,131.11666666666667
阿蘇市内牧,熊本県,A,32.96666666666667,131.05
南阿蘇村吉田,熊本県,A,32.833333333333336,131.08333333333334
南阿蘇村河陽（旧）,熊本県,A,32.86666666666667,131.0
八代市平山新町,熊本県,A,32.483333333333334,130.6
八代市松江城町,熊本県,A,32.5,130.6
八代市千丁町,熊本県,A,32.53333333333333,130.63333333333333
八代市鏡町,熊本県,A,32.56666666666667,130.65
菊池市泗水町,熊本県,A,32.916666666666664,130.78333333333333
長洲町長洲,熊本県,A,32.93333333333333,130.45
大津町引水,熊本県,A,32.88333333333333,130.88333333333333
甲佐町豊内,熊本県,A,32.65,130.81666666666666
氷川町宮原,熊本県,A,32.55,130.68333333333334
合志市御代志,熊本県,A,32.88333333333333,130.75
和水町江田,熊本県,A,32.983333333333334,130.6
上天草市大矢野町,熊本県,A,32.583333333333336,130.43333333333334
上天草市松島町,熊本県,A,32.516666666666666,130.43333333333334
天草市五和町,熊本県,A,32.516666666666666,130.18333333333334
産山村山鹿,熊本県,4,33.0,131.21666666666667
阿蘇市一の宮町,熊本県,4,32.93333333333333,131.11666666666667
阿蘇市波野（旧）,熊本県,4,32.93333333333333,131.23333333333332
南阿蘇村中松,熊本県,4,32.88333333333333,131.06666666666666
南阿蘇村河陰,熊本県,4,32.81666666666667,131.03333333333333
八代市泉町,熊本県,4,32.55,130.81666666666666
八代市東陽町,熊本県,4,32.55,130.71666666666667
八代市泉支所,熊本県,4,32.55,130.81666666666666
八代市坂本町（旧２）,熊本県,4,32.43333333333333,130.65
荒尾市宮内出目,熊本県,4,32.983333333333334,130.43333333333334
玉名市中尾,熊本県,4,32.93333333333333,130.55
玉名市岱明町,熊本県,4,32.916666666666664,130.51666666666668
山鹿市老人福祉センター,熊本県,4,33.016666666666666,130.68333333333334
山鹿市菊鹿町,熊本県,4,33.03333333333333,130.76666666666668
山鹿市鹿本町,熊本県,4,33.0,130.73333333333332
山鹿市鹿央町,熊本県,4,32.96666666666667,130.68333333333334
山鹿市鹿北町,熊本県,4,33.11666666666667,130.7
山鹿市山鹿,熊本県,4,33.016666666666666,130.68333333333334
菊池市七城町（旧）,熊本県,4,32.96666666666667,130.76666666666668
菊池市隈府,熊本県,4,32.983333333333334,130.81666666666666
玉東町木葉,熊本県,4,32.916666666666664,130.63333333333333
南関町関町（旧）,熊本県,4,33.06666666666667,130.53333333333333
宇城市三角町,熊本県,4,32.61666666666667,130.48333333333332
山都町大平,熊本県,4,32.68333333333333,131.08333333333334
山都町今,熊本県,4,32.71666666666667,131.16666666666666
和水町板楠,熊本県,4,33.06666666666667,130.61666666666667
人吉市西間下町,熊本県,4,32.2,130.76666666666668
人吉市蟹作町,熊本県,4,32.2,130.78333333333333
あさぎり町岡原,熊本県,4,32.233333333333334,130.93333333333334
多良木町上球磨消防署,熊本県,4,32.25,130.91666666666666
山江村山田,熊本県,4,32.25,130.76666666666668
水俣市牧ノ内,熊本県,4,32.21666666666667,130.4
芦北町芦北,熊本県,4,32.3,130.5
芦北町田浦町,熊本県,4,32.36666666666667,130.51666666666668
津奈木町小津奈木,熊本県,4,32.233333333333334,130.43333333333334
苓北町志岐（旧）,熊本県,4,32.516666666666666,130.05
上天草市姫戸町（旧２）,熊本県,4,32.43333333333333,130.4
天草市有明町,熊本県,4,32.516666666666666,130.31666666666666
南小国町赤馬場,熊本県,3,33.1,131.06666666666666
熊本小国町宮原,熊本県,3,33.11666666666667,131.06666666666666
玉名市築地,熊本県,3,32.96666666666667,130.53333333333333
錦町一武,熊本県,3,32.2,130.83333333333334
あさぎり町免田東,熊本県,3,32.233333333333334,130.9
あさぎり町上,熊本県,3,32.21666666666667,130.9
あさぎり町須惠,熊本県,3,32.266666666666666,130.9
あさぎり町深田,熊本県,3,32.25,130.86666666666667
多良木町多良木,熊本県,3,32.266666666666666,130.93333333333334
湯前町役場,熊本県,3,32.28333333333333,130.98333333333332
水上村岩野,熊本県,3,32.31666666666667,131.01666666666668
相良村深水,熊本県,3,32.233333333333334,130.8
五木村甲,熊本県,3,32.4,130.83333333333334
球磨村渡,熊本県,3,32.25,130.65
水俣市陣内,熊本県,3,32.21666666666667,130.41666666666666
上天草市龍ヶ岳町,熊本県,3,32.4,130.38333333333333
天草市本町,熊本県,3,32.46666666666667,130.13333333333333
天草市牛深町,熊本県,3,32.2,130.03333333333333
天草市新和町,熊本県,3,32.36666666666667,130.18333333333334
天草市天草町,熊本県,3,32.38333333333333,130.0
天草市本渡町本渡,熊本県,3,32.45,130.18333333333334
天草市倉岳町,熊本県,3,32.416666666666664,130.33333333333334
天草市河浦町,熊本県,3,32.333333333333336,130.08333333333334
天草市御所浦町,熊本県,3,32.333333333333336,130.33333333333334
天草市栖本町,熊本県,3,32.416666666666664,130.26666666666668
椎葉村下福良,宮崎県,A,32.46666666666667,131.15
延岡市北川町川内名白石,宮崎県,4,32.7,131.68333333333334
延岡市北方町卯,宮崎県,4,32.56666666666667,131.53333333333333
西都市上の宮,宮崎県,4,32.1,131.4
川南町川南,宮崎県,4,32.2,131.53333333333333
椎葉村総合運動公園,宮崎県,4,32.45,131.15
高千穂町三田井,宮崎県,4,32.71666666666667,131.3
高千穂町寺迫,宮崎県,4,32.7,131.31666666666666
日之影町岩井川,宮崎県,4,32.65,131.38333333333333
小林市真方,宮崎県,4,32.0,130.98333333333332
延岡市北方町未,宮崎県,3,32.63333333333333,131.45
延岡市天神小路,宮崎県,3,32.583333333333336,131.65
延岡市北川町総合支所,宮崎県,3,32.68333333333333,131.7
延岡市北浦町古江,宮崎県,3,32.71666666666667,131.81666666666666
延岡市東本小路,宮崎県,3,32.583333333333336,131.66666666666666
日向市大王谷運動公園,宮崎県,3,32.45,131.63333333333333
日向市東郷町山陰,宮崎県,3,32.38333333333333,131.53333333333333
西都市聖陵町（旧２）,宮崎県,3,32.11666666666667,131.4
高鍋町上江,宮崎県,3,32.13333333333333,131.5
新富町上富田,宮崎県,3,32.06666666666667,131.48333333333332
宮崎都農町役場,宮崎県,3,32.25,131.56666666666666
門川町本町,宮崎県,3,32.46666666666667,131.65
木城町高城,宮崎県,3,32.166666666666664,131.46666666666667
西米良村板谷,宮崎県,3,32.233333333333334,131.11666666666667
諸塚村家代,宮崎県,3,32.516666666666666,131.33333333333334
五ヶ瀬町三ヶ所（旧２）,宮崎県,3,32.68333333333333,131.2
宮崎美郷町宇納間,宮崎県,3,32.5,131.45
宮崎市霧島,宮崎県,3,31.933333333333334,131.41666666666666
宮崎市松橋,宮崎県,3,31.916666666666668,131.41666666666666
宮崎市田野町体育館,宮崎県,3,31.85,131.3
宮崎市橘通東,宮崎県,3,31.916666666666668,131.41666666666666
宮崎市佐土原町下田島（旧）,宮崎県,3,32.016666666666666,131.46666666666667
宮崎市高岡町内山,宮崎県,3,31.95,131.3
宮崎市清武町船引,宮崎県,3,31.85,131.38333333333333
国富町本庄,宮崎県,3,31.983333333333334,131.31666666666666
綾町南俣健康センター,宮崎県,3,32.0,131.25
綾町役場,宮崎県,3,32.0,131.25
都城市菖蒲原,宮崎県,3,31.733333333333334,131.08333333333334
都城市姫城町,宮崎県,3,31.716666666666665,131.06666666666666
都城市高崎町大牟田,宮崎県,3,31.866666666666667,131.06666666666666
都城市北原,宮崎県,3,31.733333333333334,131.08333333333334
都城市山之口町花木,宮崎県,3,31.783333333333335,131.15
都城市高城町穂満坊,宮崎県,3,31.8,131.13333333333333
都城市山田町山田,宮崎県,3,31.816666666666666,131.03333333333333
小林市役所（旧）,宮崎県,3,32.0,130.96666666666667
小林市細野,宮崎県,3,32.0,130.96666666666667
小林市中原,宮崎県,3,32.083333333333336,131.06666666666666
小林市野尻町東麓,宮崎県,3,31.966666666666665,131.1
えびの市加久藤,宮崎県,3,32.05,130.81666666666666
三股町五本松,宮崎県,3,31.733333333333334,131.13333333333333
高原町西麓,宮崎県,3,31.933333333333334,131.0
日向市亀崎,宮崎県,2,32.43333333333333,131.63333333333333
日向市富高（旧）,宮崎県,2,32.43333333333333,131.6
宮崎都農町川北,宮崎県,2,32.25,131.5
西米良村村所（旧２）,宮崎県,2,32.233333333333334,131.15
宮崎市田野支所,宮崎県,2,31.833333333333332,131.3
日南市油津,宮崎県,2,31.583333333333332,131.4
日南市北郷町大藤,宮崎県,2,31.666666666666668,131.38333333333333
日南市吾田東,宮崎県,2,31.616666666666667,131.36666666666667
串間市奈留,宮崎県,2,31.533333333333335,131.26666666666668
串間市都井,宮崎県,2,31.4,131.3
都城市高崎町江平,宮崎県,2,31.9,131.08333333333334
下関市竹崎,山口県,4,33.95,130.93333333333334
下関市豊浦町川棚,山口県,3,34.15,130.91666666666666
下関市清末陣屋,山口県,3,34.06666666666667,131.01666666666668
下関市菊川町田部（旧２）,山口県,3,34.11666666666667,131.03333333333333
下関市豊北町角島,山口県,3,34.35,130.86666666666667
宇部市東須恵,山口県,3,34.0,131.21666666666667
宇部市船木,山口県,3,34.05,131.23333333333332
宇部市常盤町（旧２）,山口県,3,33.95,131.25
山陽小野田市日の出,山口県,3,34.0,131.18333333333334
柳井市南町,山口県,3,33.96666666666667,132.1
山口市阿知須（旧２）,山口県,3,34.016666666666666,131.36666666666667
防府市西浦,山口県,3,34.03333333333333,131.53333333333333
萩市土原,山口県,2,34.416666666666664,131.4
萩市川上,山口県,2,34.35,131.46666666666667
萩市下田万,山口県,2,34.63333333333333,131.66666666666666
萩市江向,山口県,2,34.4,131.4
萩市須佐,山口県,2,34.61666666666667,131.6
萩市福井,山口県,2,34.43333333333333,131.48333333333332
萩市見島本村,山口県,2,34.766666666666666,131.15
長門市日置,山口県,2,34.38333333333333,131.1
長門市新別名,山口県,2,34.36666666666667,131.06666666666666
長門市三隅,山口県,2,34.36666666666667,131.25
美祢市大嶺町,山口県,2,34.166666666666664,131.2
阿武町奈古,山口県,2,34.5,131.46666666666667
下関市豊浦町浄水場,山口県,2,34.15,130.93333333333334
下関市豊北町滝部,山口県,2,34.28333333333333,130.95
下関市豊田町殿敷,山口県,2,34.2,131.08333333333334
下関市役所,山口県,2,33.95,130.93333333333334
宇部市野中,山口県,2,33.95,131.28333333333333
山陽小野田市鴨庄,山口県,2,34.05,131.16666666666666
岩国市今津,山口県,2,34.166666666666664,132.21666666666667
岩国市横山,山口県,2,34.166666666666664,132.18333333333334
岩国市由宇町,山口県,2,34.05,132.21666666666667
岩国市玖珂総合支所（旧２）,山口県,2,34.1,132.08333333333334
柳井市大畠,山口県,2,33.96666666666667,132.16666666666666
平生町平生（旧２）,山口県,2,33.93333333333333,132.06666666666666
周防大島町平野,山口県,2,33.916666666666664,132.35
周防大島町小松,山口県,2,33.93333333333333,132.2
周防大島町西安下庄,山口県,2,33.9,132.28333333333333
周防大島町東和総合支所（旧）,山口県,2,33.916666666666664,132.35
周防大島町久賀,山口県,2,33.95,132.26666666666668
山口市前町,山口県,2,34.166666666666664,131.46666666666667
山口市秋穂二島,山口県,2,34.016666666666666,131.41666666666666
山口市秋穂東,山口県,2,34.016666666666666,131.43333333333334
山口市小郡下郷,山口県,2,34.1,131.4
山口市亀山町,山口県,2,34.18333333333333,131.46666666666667
山口市徳地堀,山口県,2,34.18333333333333,131.65
山口市阿東徳佐,山口県,2,34.4,131.71666666666667
周南市桜馬場通り,山口県,2,34.05,131.8
周南市富田（旧２）,山口県,2,34.06666666666667,131.75
周南市岐山通り（旧２）,山口県,2,34.05,131.8
萩市見島宇津,山口県,1,34.78333333333333,131.13333333333333
萩市吉部,山口県,1,34.43333333333333,131.58333333333334
萩市明木,山口県,1,34.35,131.41666666666666
長門市東深川,山口県,1,34.36666666666667,131.18333333333334
美祢市秋芳町秋吉,山口県,1,34.21666666666667,131.3
美祢市美東町大田,山口県,1,34.21666666666667,131.35
岩国市玖珂町阿山,山口県,1,34.1,132.08333333333334
岩国市美川町高ケ原,山口県,1,34.233333333333334,131.98333333333332
岩国市周東町下久原（旧）,山口県,1,34.1,132.05
岩国市本郷町本郷,山口県,1,34.3,132.03333333333333
岩国市錦町広瀬,山口県,1,34.266666666666666,131.96666666666667
岩国市美川町四馬神,山口県,1,34.25,131.98333333333332
光市中央,山口県,1,33.96666666666667,131.95
光市岩田（旧）,山口県,1,33.983333333333334,132.0
和木町和木,山口県,1,34.2,132.21666666666667
上関町長島（旧２）,山口県,1,33.833333333333336,132.11666666666667
田布施町下田布施,山口県,1,33.95,132.03333333333333
山口市阿東生雲,山口県,1,34.38333333333333,131.6
周南市熊毛中央町,山口県,1,34.05,131.96666666666667
周南市鹿野上,山口県,1,34.233333333333334,131.81666666666666
防府市寿,山口県,1,34.05,131.56666666666666
下松市瀬戸,山口県,1,34.05,131.86666666666667
下松市大手町,山口県,1,34.016666666666666,131.86666666666667
福岡空港,福岡県,4,33.6,130.45
大野城市曙町,福岡県,4,33.53333333333333,130.48333333333332
宗像市江口神原,福岡県,4,33.85,130.51666666666668
宗像市東郷,福岡県,4,33.8,130.53333333333333
新宮町緑ヶ浜,福岡県,4,33.71666666666667,130.45
福岡古賀市駅東,福岡県,4,33.733333333333334,130.46666666666667
粕屋町仲原,福岡県,4,33.61666666666667,130.48333333333332
みやこ町犀川本庄（旧）,福岡県,4,33.65,130.95
大牟田市笹林,福岡県,4,33.03333333333333,130.45
大牟田市昭和町,福岡県,4,33.016666666666666,130.45
大牟田市有明町,福岡県,4,33.03333333333333,130.45
久留米市津福本町,福岡県,4,33.3,130.5
久留米市小森野町,福岡県,4,33.31666666666667,130.51666666666668
久留米市城島町,福岡県,4,33.25,130.43333333333334
久留米市三潴町,福岡県,4,33.25,130.46666666666667
久留米市北野町,福岡県,4,33.35,130.58333333333334
柳川市大和町,福岡県,4,33.13333333333333,130.43333333333334
柳川市三橋町,福岡県,4,33.166666666666664,130.43333333333334
柳川市本町,福岡県,4,33.166666666666664,130.4
八女市吉田,福岡県,4,33.233333333333334,130.56666666666666
八女市矢部村,福岡県,4,33.15,130.81666666666666
八女市本町,福岡県,4,33.21666666666667,130.55
筑後市山ノ井,福岡県,4,33.21666666666667,130.5
大川市酒見,福岡県,4,33.2,130.38333333333333
小郡市小郡,福岡県,4,33.4,130.55
大木町八町牟田,福岡県,4,33.21666666666667,130.43333333333334
福岡広川町新代（旧）,福岡県,4,33.233333333333334,130.55
筑前町篠隈,福岡県,4,33.45,130.6
朝倉市杷木池田,福岡県,4,33.36666666666667,130.81666666666666
みやま市瀬高町,福岡県,4,33.15,130.48333333333332
みやま市山川町,福岡県,4,33.11666666666667,130.51666666666668
みやま市高田町,福岡県,4,33.1,130.45
福岡東区千早,福岡県,3,33.65,130.43333333333334
福岡博多区博多駅前,福岡県,3,33.583333333333336,130.41666666666666
福岡中央区大濠,福岡県,3,33.583333333333336,130.38333333333333
福岡中央区天神,福岡県,3,33.6,130.4
福岡中央区舞鶴,福岡県,3,33.583333333333336,130.38333333333333
福岡南区塩原,福岡県,3,33.56666666666667,130.43333333333334
福岡西区今宿,福岡県,3,33.56666666666667,130.28333333333333
福岡城南区神松寺,福岡県,3,33.55,130.38333333333333
福岡早良区板屋,福岡県,3,33.43333333333333,130.38333333333333
福岡早良区百道浜,福岡県,3,33.583333333333336,130.35
筑紫野市二日市西,福岡県,3,33.5,130.51666666666668
春日市原町,福岡県,3,33.53333333333333,130.46666666666667
宗像市神湊,福岡県,3,33.85,130.5
太宰府市観世音寺,福岡県,3,33.516666666666666,130.51666666666668
宇美町宇美,福岡県,3,33.56666666666667,130.51666666666668
篠栗町中央,福岡県,3,33.61666666666667,130.53333333333333
志免町志免,福岡県,3,33.583333333333336,130.48333333333332
須恵町須恵,福岡県,3,33.583333333333336,130.5
久山町久原,福岡県,3,33.65,130.5
福津市手光,福岡県,3,33.766666666666666,130.5
福津市中央,福岡県,3,33.766666666666666,130.48333333333332
福津市津屋崎,福岡県,3,33.78333333333333,130.46666666666667
糸島市志摩初,福岡県,3,33.583333333333336,130.18333333333334
糸島市前原東,福岡県,3,33.56666666666667,130.2
糸島市二丈深江,福岡県,3,33.516666666666666,130.15
那珂川市西隈（旧）,福岡県,3,33.5,130.41666666666666
北九州門司区大里,福岡県,3,33.916666666666664,130.93333333333334
北九州若松区桜町,福岡県,3,33.9,130.8
北九州戸畑区新池,福岡県,3,33.9,130.83333333333334
北九州小倉北区大手町,福岡県,3,33.88333333333333,130.86666666666667
北九州小倉南区横代東町,福岡県,3,33.833333333333336,130.9
北九州八幡東区桃園,福岡県,3,33.86666666666667,130.78333333333333
北九州八幡東区大谷,福岡県,3,33.86666666666667,130.8
北九州八幡西区相生町（旧）,福岡県,3,33.85,130.75
行橋市今井,福岡県,3,33.733333333333334,131.01666666666668
行橋市中央,福岡県,3,33.733333333333334,130.98333333333332
豊前市吉木,福岡県,3,33.61666666666667,131.13333333333333
中間市長津,福岡県,3,33.833333333333336,130.7
中間市中間,福岡県,3,33.81666666666667,130.71666666666667
芦屋町幸町,福岡県,3,33.9,130.66666666666666
水巻町頃末,福岡県,3,33.85,130.7
遠賀町今古賀,福岡県,3,33.85,130.66666666666666
苅田町若久,福岡県,3,33.8,130.98333333333332
苅田町京町,福岡県,3,33.78333333333333,130.98333333333332
上毛町東下,福岡県,3,33.55,131.15
上毛町垂水,福岡県,3,33.583333333333336,131.16666666666666
築上町椎田（旧２）,福岡県,3,33.65,131.05
みやこ町勝山上田,福岡県,3,33.7,130.91666666666666
みやこ町豊津（旧）,福岡県,3,33.666666666666664,130.96666666666667
直方市新町,福岡県,3,33.733333333333334,130.73333333333332
飯塚市川島,福岡県,3,33.65,130.7
飯塚市立岩,福岡県,3,33.65,130.7
飯塚市新立岩（旧）,福岡県,3,33.65,130.68333333333334
飯塚市長尾,福岡県,3,33.56666666666667,130.65
飯塚市忠隈,福岡県,3,33.61666666666667,130.68333333333334
飯塚市勢田,福岡県,3,33.68333333333333,130.71666666666667
飯塚市綱分,福岡県,3,33.63333333333333,130.73333333333332
田川市中央町,福岡県,3,33.63333333333333,130.8
小竹町勝野（旧）,福岡県,3,33.7,130.71666666666667
鞍手町中山,福岡県,3,33.8,130.66666666666666
桂川町土居,福岡県,3,33.583333333333336,130.68333333333334
添田町添田,福岡県,3,33.56666666666667,130.85
糸田町役場,福岡県,3,33.65,130.78333333333333
大任町大行事,福岡県,3,33.61666666666667,130.85
赤村内田,福岡県,3,33.61666666666667,130.86666666666667
宮若市宮田（旧２）,福岡県,3,33.71666666666667,130.66666666666666
宮若市福丸,福岡県,3,33.733333333333334,130.63333333333333
福智町金田,福岡県,3,33.68333333333333,130.78333333333333
福智町弁城,福岡県,3,33.68333333333333,130.8
嘉麻市上山田（旧）,福岡県,3,33.56666666666667,130.76666666666668
嘉麻市大隈町（旧）,福岡県,3,33.55,130.75
嘉麻市岩崎（旧２）,福岡県,3,33.6,130.71666666666667
嘉麻市上臼井,福岡県,3,33.56666666666667,130.71666666666667
久留米市城南町,福岡県,3,33.31666666666667,130.5
久留米市田主丸町,福岡県,3,33.35,130.7
八女市黒木町北木屋,福岡県,3,33.21666666666667,130.7
八女市黒木町今,福岡県,3,33.21666666666667,130.66666666666666
八女市立花町,福岡県,3,33.2,130.58333333333334
八女市星野村,福岡県,3,33.25,130.76666666666668
八女市上陽町,福岡県,3,33.233333333333334,130.65
大刀洗町冨多,福岡県,3,33.36666666666667,130.61666666666667
うきは市吉井町,福岡県,3,33.35,130.75
うきは市浮羽町,福岡県,3,33.333333333333336,130.8
筑前町下高場,福岡県,3,33.43333333333333,130.6
筑前町新町,福岡県,3,33.43333333333333,130.63333333333333
東峰村小石原,福岡県,3,33.46666666666667,130.83333333333334
東峰村宝珠山,福岡県,3,33.4,130.86666666666667
朝倉市堤,福岡県,3,33.416666666666664,130.66666666666666
朝倉市菩提寺,福岡県,3,33.416666666666664,130.66666666666666
朝倉市宮野,福岡県,3,33.38333333333333,130.71666666666667
宗像市大島,福岡県,2,33.9,130.43333333333334
糸島市前原西,福岡県,2,33.55,130.2
北九州小倉南区若園,福岡県,2,33.85,130.88333333333333
岡垣町野間,福岡県,2,33.85,130.61666666666667
吉富町広津,福岡県,2,33.6,131.18333333333334
築上町築城,福岡県,2,33.666666666666664,131.03333333333333
香春町高野,福岡県,2,33.666666666666664,130.85
福智町上野,福岡県,2,33.71666666666667,130.8
福智町赤池,福岡県,2,33.7,130.76666666666668
唐津市肥前,佐賀県,4,33.43333333333333,129.81666666666666
佐賀市駅前中央,佐賀県,4,33.266666666666666,130.3
佐賀市栄町,佐賀県,4,33.266666666666666,130.3
佐賀市諸富（旧２）,佐賀県,4,33.21666666666667,130.35
佐賀市大和,佐賀県,4,33.31666666666667,130.28333333333333
佐賀市三瀬,佐賀県,4,33.43333333333333,130.28333333333333
佐賀市川副（旧２）,佐賀県,4,33.2,130.31666666666666
佐賀市東与賀,佐賀県,4,33.2,130.28333333333333
佐賀市久保田（旧２）,佐賀県,4,33.233333333333334,130.23333333333332
上峰町坊所,佐賀県,4,33.31666666666667,130.43333333333334
江北町山口,佐賀県,4,33.21666666666667,130.15
白石町福田,佐賀県,4,33.18333333333333,130.15
白石町福富,佐賀県,4,33.18333333333333,130.18333333333334
白石町有明,佐賀県,4,33.15,130.11666666666667
みやき町北茂安（旧２）,佐賀県,4,33.31666666666667,130.45
みやき町三根,佐賀県,4,33.3,130.43333333333334
小城市芦刈,佐賀県,4,33.21666666666667,130.21666666666667
小城市牛津,佐賀県,4,33.25,130.2
嬉野市下宿乙,佐賀県,4,33.1,129.98333333333332
吉野ヶ里町三田川,佐賀県,4,33.31666666666667,130.4
神埼市神埼（旧２）,佐賀県,4,33.31666666666667,130.36666666666667
神埼市千代田,佐賀県,4,33.266666666666666,130.36666666666667
唐津市西城内,佐賀県,3,33.45,129.96666666666667
唐津市竹木場,佐賀県,3,33.416666666666664,129.91666666666666
唐津市浜玉（旧２）,佐賀県,3,33.45,130.03333333333333
唐津市七山,佐賀県,3,33.43333333333333,130.11666666666667
唐津市相知,佐賀県,3,33.35,130.01666666666668
唐津市北波多,佐賀県,3,33.38333333333333,129.95
唐津市呼子,佐賀県,3,33.55,129.9
伊万里市立花町,佐賀県,3,33.266666666666666,129.88333333333333
佐賀市富士町,佐賀県,3,33.36666666666667,130.2
鳥栖市宿町（旧２）,佐賀県,3,33.38333333333333,130.5
多久市北多久町,佐賀県,3,33.28333333333333,130.11666666666667
武雄市武雄町武雄（旧）,佐賀県,3,33.2,130.03333333333333
武雄市武雄町昭和（旧２）,佐賀県,3,33.2,130.01666666666668
武雄市山内,佐賀県,3,33.2,129.95
武雄市北方（旧２）,佐賀県,3,33.21666666666667,130.06666666666666
佐賀鹿島市納富分,佐賀県,3,33.1,130.1
基山町宮浦,佐賀県,3,33.43333333333333,130.51666666666668
大町町大町,佐賀県,3,33.21666666666667,130.11666666666667
太良町多良,佐賀県,3,33.016666666666666,130.18333333333334
みやき町中原,佐賀県,3,33.35,130.43333333333334
小城市三日月,佐賀県,3,33.266666666666666,130.21666666666667
小城市小城,佐賀県,3,33.28333333333333,130.2
嬉野市塩田,佐賀県,3,33.13333333333333,130.06666666666666
吉野ヶ里町東脊振,佐賀県,3,33.35,130.4
神埼市脊振（旧２）,佐賀県,3,33.38333333333333,130.33333333333334
唐津市鎮西町,佐賀県,2,33.53333333333333,129.88333333333333
唐津市厳木町,佐賀県,2,33.31666666666667,130.06666666666666
玄海町諸浦,佐賀県,2,33.46666666666667,129.86666666666667
有田町本町,佐賀県,2,33.18333333333333,129.88333333333333
有田町立部,佐賀県,2,33.21666666666667,129.85
嬉野市不動山,佐賀県,2,33.1,129.95
諫早市多良見町,長崎県,4,32.833333333333336,129.98333333333332
諫早市森山町,長崎県,4,32.833333333333336,130.13333333333333
島原市下折橋町,長崎県,4,32.78333333333333,130.35
島原市有明町,長崎県,4,32.85,130.33333333333334
雲仙市国見町,長崎県,4,32.86666666666667,130.3
雲仙市小浜町雲仙,長崎県,4,32.733333333333334,130.26666666666668
雲仙市瑞穂町（旧２）,長崎県,4,32.86666666666667,130.23333333333332
雲仙市小浜町北本町,長崎県,4,32.733333333333334,130.2
雲仙市南串山町,長崎県,4,32.68333333333333,130.15
南島原市口之津町,長崎県,4,32.61666666666667,130.18333333333334
南島原市北有馬町,長崎県,4,32.65,130.25
南島原市西有家町,長崎県,4,32.666666666666664,130.3
南島原市布津町,長崎県,4,32.68333333333333,130.35
南島原市深江町,長崎県,4,32.71666666666667,130.35
南島原市有家町,長崎県,4,32.666666666666664,130.3
佐世保市鹿町町（旧２）,長崎県,3,33.266666666666666,129.58333333333334
平戸市岩の上町,長崎県,3,33.36666666666667,129.55
平戸市鏡川町,長崎県,3,33.36666666666667,129.53333333333333
平戸市志々伎町,長崎県,3,33.2,129.41666666666666
平戸市生月町,長崎県,3,33.38333333333333,129.43333333333334
平戸市田平町,長崎県,3,33.36666666666667,129.58333333333334
松浦市志佐町,長崎県,3,33.35,129.7
松浦市鷹島町,長崎県,3,33.43333333333333,129.75
東彼杵町蔵本,長崎県,3,33.03333333333333,129.91666666666666
川棚町中組（旧２）,長崎県,3,33.06666666666667,129.86666666666667
佐々町本田原,長崎県,3,33.233333333333334,129.65
長崎市南山手,長崎県,3,32.733333333333334,129.86666666666667
長崎市元町,長崎県,3,32.733333333333334,129.88333333333333
長崎市神浦江川町,長崎県,3,32.88333333333333,129.68333333333334
諫早市東小路町,長崎県,3,32.85,130.05
諫早市小長井町,長崎県,3,32.916666666666664,130.18333333333334
諫早市堂崎町,長崎県,3,32.85,130.01666666666668
諫早市飯盛町,長崎県,3,32.78333333333333,130.01666666666668
諫早市高来町,長崎県,3,32.916666666666664,130.13333333333333
大村市玖島,長崎県,3,32.9,129.95
時津町浦,長崎県,3,32.833333333333336,129.85
西海市西海町,長崎県,3,33.06666666666667,129.68333333333334
雲仙市千々石町,長崎県,3,32.78333333333333,130.2
雲仙市雲仙出張所,長崎県,3,32.733333333333334,130.25
雲仙市吾妻町,長崎県,3,32.833333333333336,130.18333333333334
南島原市南有馬町,長崎県,3,32.63333333333333,130.25
佐世保市干尽町,長崎県,2,33.166666666666664,129.73333333333332
佐世保市八幡町,長崎県,2,33.18333333333333,129.71666666666667
佐世保市小佐々町,長崎県,2,33.21666666666667,129.6
佐世保市吉井町（旧２）,長崎県,2,33.266666666666666,129.68333333333334
佐世保市世知原町,長崎県,2,33.25,129.75
平戸市大島村,長崎県,2,33.483333333333334,129.55
松浦市福島町,長崎県,2,33.36666666666667,129.81666666666666
波佐見町宿,長崎県,2,33.13333333333333,129.9
長崎市黒浜町,長崎県,2,32.63333333333333,129.8
長崎市長浦町,長崎県,2,32.916666666666664,129.78333333333333
長崎市野母町,長崎県,2,32.583333333333336,129.76666666666668
長崎市香焼町,長崎県,2,32.68333333333333,129.81666666666666
長崎市布巻町,長崎県,2,32.65,129.83333333333334
長与町嬉里,長崎県,2,32.833333333333336,129.88333333333333
西海市大瀬戸町,長崎県,2,32.93333333333333,129.65
西海市西彼町,長崎県,2,33.0,129.75
西海市崎戸町,長崎県,2,33.016666666666666,129.56666666666666
長崎対馬市峰町,長崎県,2,34.46666666666667,129.31666666666666
長崎対馬市上県町佐須奈,長崎県,2,34.63333333333333,129.4
壱岐市芦辺町中野,長崎県,2,33.8,129.73333333333332
壱岐市郷ノ浦町,長崎県,2,33.75,129.68333333333334
壱岐市勝本町（旧）,長崎県,2,33.85,129.7
壱岐市芦辺町芦辺,長崎県,2,33.8,129.76666666666668
壱岐市石田町,長崎県,2,33.75,129.75
小値賀町笛吹,長崎県,2,33.18333333333333,129.06666666666666
五島市岐宿町,長崎県,2,32.75,128.76666666666668
新上五島町立串,長崎県,2,33.06666666666667,129.1
新上五島町有川,長崎県,2,32.983333333333334,129.11666666666667
佐世保市宇久町,長崎県,2,33.25,129.13333333333333
長崎対馬市厳原町東里,長崎県,1,34.2,129.28333333333333
長崎対馬市上県町飼所,長崎県,1,34.53333333333333,129.4
長崎対馬市美津島町鴨居瀬,長崎県,1,34.333333333333336,129.38333333333333
長崎対馬市上対馬町,長崎県,1,34.65,129.46666666666667
長崎対馬市豊玉町,長崎県,1,34.4,129.31666666666666
長崎対馬市厳原町国分,長崎県,1,34.2,129.28333333333333
長崎対馬市美津島町鷄知,長崎県,1,34.266666666666666,129.31666666666666
五島市富江町繁敷,長崎県,1,32.666666666666664,128.75
五島市木場町,長崎県,1,32.7,128.83333333333334
五島市上大津町,長崎県,1,32.666666666666664,128.85
五島市奈留町（旧）,長崎県,1,32.833333333333336,128.93333333333334
五島市富江町富江,長崎県,1,32.61666666666667,128.76666666666668
新上五島町若松,長崎県,1,32.88333333333333,129.01666666666668
新上五島町青方,長崎県,1,32.983333333333334,129.06666666666666
新上五島町奈良尾（旧２）,長崎県,1,32.833333333333336,129.06666666666666
臼杵市臼杵,大分県,4,33.13333333333333,131.8
津久見市宮本町,大分県,4,33.06666666666667,131.86666666666667
佐伯市春日町,大分県,4,32.96666666666667,131.9
佐伯市鶴見（旧）,大分県,4,32.95,131.96666666666667
佐伯市上浦,大分県,4,33.05,131.93333333333334
豊後大野市清川町（旧２）,大分県,4,32.96666666666667,131.51666666666668
日田市前津江町（旧）,大分県,4,33.21666666666667,130.91666666666666
日田市中津江村栃野（旧２）,大分県,4,33.13333333333333,130.93333333333334
竹田市荻町,大分県,4,32.916666666666664,131.3
九重町後野上,大分県,4,33.233333333333334,131.18333333333334
中津市上宮永,大分県,3,33.583333333333336,131.18333333333334
中津市植野,大分県,3,33.56666666666667,131.26666666666668
中津市豊田町,大分県,3,33.6,131.18333333333334
中津市三光,大分県,3,33.55,131.2
中津市山国町,大分県,3,33.4,131.05
宇佐市上田（旧２）,大分県,3,33.53333333333333,131.35
宇佐市安心院町（旧２）,大分県,3,33.43333333333333,131.35
姫島村役場,大分県,3,33.71666666666667,131.65
大分市長浜,大分県,3,33.233333333333334,131.61666666666667
大分市新春日町,大分県,3,33.233333333333334,131.6
大分市佐賀関,大分県,3,33.25,131.86666666666667
大分市舞鶴町,大分県,3,33.233333333333334,131.61666666666667
由布市湯布院町川上（旧２）,大分県,3,33.266666666666666,131.35
津久見市立花町,大分県,3,33.06666666666667,131.86666666666667
佐伯市蒲江蒲江浦,大分県,3,32.8,131.91666666666666
佐伯市直川,大分県,3,32.9,131.78333333333333
佐伯市宇目,大分県,3,32.85,131.65
佐伯市弥生,大分県,3,32.96666666666667,131.83333333333334
佐伯市本匠（旧２）,大分県,3,32.95,131.78333333333333
佐伯市米水津,大分県,3,32.916666666666664,131.98333333333332
佐伯市役所,大分県,3,32.96666666666667,131.9
豊後大野市三重町,大分県,3,32.983333333333334,131.58333333333334
豊後大野市緒方町（旧２）,大分県,3,32.96666666666667,131.46666666666667
豊後大野市千歳町,大分県,3,33.03333333333333,131.6
豊後大野市犬飼町犬飼（旧２）,大分県,3,33.06666666666667,131.63333333333333
豊後大野市大野町,大分県,3,33.03333333333333,131.5
日田市中津江村合瀬,大分県,3,33.13333333333333,130.88333333333333
日田市三本松,大分県,3,33.31666666666667,130.93333333333334
日田市天瀬町,大分県,3,33.25,131.01666666666668
日田市上津江町,大分県,3,33.1,130.98333333333332
日田市田島,大分県,3,33.31666666666667,130.93333333333334
日田市大山町（旧２）,大分県,3,33.25,130.96666666666667
竹田市竹田小学校,大分県,3,32.96666666666667,131.4
竹田市久住町,大分県,3,33.016666666666666,131.3
竹田市直入町,大分県,3,33.083333333333336,131.38333333333333
竹田市会々,大分県,3,32.96666666666667,131.4
玖珠町帆足,大分県,3,33.28333333333333,131.15
中津市耶馬溪町（旧）,大分県,2,33.45,131.11666666666667
中津市本耶馬渓町,大分県,2,33.5,131.16666666666666
豊後高田市御玉,大分県,2,33.55,131.45
豊後高田市真玉,大分県,2,33.61666666666667,131.48333333333332
豊後高田市香々地,大分県,2,33.666666666666664,131.53333333333333
宇佐市院内町,大分県,2,33.416666666666664,131.31666666666666
国東市国見町西方寺,大分県,2,33.63333333333333,131.56666666666666
国東市鶴川,大分県,2,33.56666666666667,131.73333333333332
国東市田深,大分県,2,33.56666666666667,131.73333333333332
国東市国見町伊美,大分県,2,33.68333333333333,131.6
国東市安岐町,大分県,2,33.46666666666667,131.7
大分市野津原,大分県,2,33.166666666666664,131.53333333333333
別府市鶴見,大分県,2,33.31666666666667,131.46666666666667
別府市天間,大分県,2,33.333333333333336,131.4
別府市上野口町,大分県,2,33.28333333333333,131.48333333333332
臼杵市乙見,大分県,2,33.06666666666667,131.75
臼杵市野津町,大分県,2,33.05,131.7
杵築市南杵築,大分県,2,33.416666666666664,131.61666666666667
杵築市杵築,大分県,2,33.416666666666664,131.61666666666667
杵築市山香町,大分県,2,33.45,131.5
日出町役場,大分県,2,33.36666666666667,131.53333333333333
由布市挾間町,大分県,2,33.2,131.51666666666668
佐伯市堅田,大分県,2,32.93333333333333,131.86666666666667
佐伯市蒲江猪串浦,大分県,2,32.8,131.9
豊後大野市犬飼町黒松,大分県,2,33.06666666666667,131.6
豊後大野市朝地町（旧２）,大分県,2,33.0,131.43333333333334
竹田市直入小学校,大分県,2,33.06666666666667,131.36666666666667
国東市武蔵町（旧）,大分県,1,33.5,131.71666666666667
杵築市大田,大分県,1,33.5,131.55
阿久根市鶴見町,鹿児島県,4,32.016666666666666,130.2
長島町獅子島,鹿児島県,4,32.28333333333333,130.21666666666667
長島町伊唐島,鹿児島県,4,32.21666666666667,130.2
薩摩川内市神田町,鹿児島県,4,31.816666666666666,130.3
薩摩川内市東郷町,鹿児島県,4,31.866666666666667,130.33333333333334
さつま町神子,鹿児島県,4,31.95,130.48333333333332
湧水町吉松,鹿児島県,4,32.016666666666666,130.75
霧島市横川町中ノ,鹿児島県,4,31.9,130.7
伊佐市大口鳥巣,鹿児島県,4,32.05,130.58333333333334
伊佐市菱刈前目,鹿児島県,4,32.016666666666666,130.65
鹿児島市東郡元,鹿児島県,3,31.55,130.55
鹿児島市祇園之洲町,鹿児島県,3,31.6,130.56666666666666
鹿児島市桜島赤水新島,鹿児島県,3,31.616666666666667,130.71666666666667
鹿児島市本城,鹿児島県,3,31.716666666666665,130.56666666666666
鹿児島市上谷口,鹿児島県,3,31.6,130.43333333333334
阿久根市赤瀬川,鹿児島県,3,32.03333333333333,130.2
鹿児島出水市緑町,鹿児島県,3,32.083333333333336,130.35
鹿児島出水市桂島,鹿児島県,3,32.15,130.26666666666668
鹿児島出水市野田町（旧２）,鹿児島県,3,32.06666666666667,130.26666666666668
鹿児島出水市高尾野町（旧２）,鹿児島県,3,32.06666666666667,130.3
長島町鷹巣,鹿児島県,3,32.2,130.18333333333334
長島町指江,鹿児島県,3,32.15,130.11666666666667
薩摩川内市中郷,鹿児島県,3,31.833333333333332,130.31666666666666
薩摩川内市祁答院町,鹿児島県,3,31.866666666666667,130.5
薩摩川内市入来町,鹿児島県,3,31.8,130.43333333333334
薩摩川内市樋脇町,鹿児島県,3,31.816666666666666,130.38333333333333
さつま町宮之城屋地,鹿児島県,3,31.9,130.45
さつま町宮之城保健センタ,鹿児島県,3,31.9,130.45
さつま町求名,鹿児島県,3,31.916666666666668,130.53333333333333
湧水町栗野,鹿児島県,3,31.95,130.71666666666667
いちき串木野市緑町,鹿児島県,3,31.716666666666665,130.26666666666668
いちき串木野市湊町,鹿児島県,3,31.7,130.28333333333333
南さつま市金峰町尾下,鹿児島県,3,31.45,130.33333333333334
霧島市隼人町内山田,鹿児島県,3,31.75,130.73333333333332
霧島市国分中央,鹿児島県,3,31.733333333333334,130.76666666666668
霧島市溝辺町有川,鹿児島県,3,31.833333333333332,130.68333333333334
霧島市牧園町宿窪田（旧２）,鹿児島県,3,31.85,130.76666666666668
伊佐市大口山野,鹿児島県,3,32.15,130.6
姶良市蒲生町上久徳,鹿児島県,3,31.766666666666666,130.56666666666666
姶良市加治木町本町,鹿児島県,3,31.733333333333334,130.66666666666666
姶良市宮島町（旧２）,鹿児島県,3,31.733333333333334,130.63333333333333
大崎町仮宿,鹿児島県,3,31.433333333333334,131.01666666666668
曽於市末吉町二之方,鹿児島県,3,31.65,131.01666666666668
曽於市財部町南俣,鹿児島県,3,31.733333333333334,131.0
肝付町新富,鹿児島県,3,31.35,130.95
薩摩川内市上甑町,鹿児島県,3,31.833333333333332,129.86666666666667
薩摩川内市鹿島町,鹿児島県,3,31.783333333333335,129.78333333333333
鹿児島市下福元,鹿児島県,2,31.516666666666666,130.45
鹿児島市喜入町,鹿児島県,2,31.383333333333333,130.55
鹿児島市郡山,鹿児島県,2,31.683333333333334,130.48333333333332
鹿児島市桜島藤野,鹿児島県,2,31.616666666666667,130.63333333333333
枕崎市高見町,鹿児島県,2,31.266666666666666,130.3
指宿市山川新生町,鹿児島県,2,31.2,130.63333333333333
指宿市十町,鹿児島県,2,31.25,130.63333333333333
指宿市開聞十町（旧２）,鹿児島県,2,31.2,130.53333333333333
日置市日吉町日置,鹿児島県,2,31.583333333333332,130.35
日置市吹上町中原（旧）,鹿児島県,2,31.516666666666666,130.35
日置市東市来町長里,鹿児島県,2,31.65,130.35
日置市伊集院町郡,鹿児島県,2,31.633333333333333,130.4
南さつま市加世田川畑,鹿児島県,2,31.416666666666668,130.31666666666666
南さつま市大浦町,鹿児島県,2,31.383333333333333,130.23333333333332
霧島市霧島田口,鹿児島県,2,31.816666666666666,130.83333333333334
霧島市福山町牧之原,鹿児島県,2,31.666666666666668,130.85
南九州市頴娃町牧之内,鹿児島県,2,31.233333333333334,130.48333333333332
南九州市川辺町平山,鹿児島県,2,31.383333333333333,130.4
南九州市知覧町郡,鹿児島県,2,31.383333333333333,130.45
鹿屋市新栄町,鹿児島県,2,31.383333333333333,130.85
鹿屋市札元,鹿児島県,2,31.4,130.86666666666667
鹿屋市輝北町上百引,鹿児島県,2,31.55,130.86666666666667
鹿屋市串良町岡崎,鹿児島県,2,31.4,130.96666666666667
垂水市田神,鹿児島県,2,31.5,130.7
東串良町川西,鹿児島県,2,31.383333333333333,130.96666666666667
南大隅町根占（旧２）,鹿児島県,2,31.216666666666665,130.76666666666668
曽於市大隅町中之内,鹿児島県,2,31.6,131.0
志布志市志布志町志布志,鹿児島県,2,31.483333333333334,131.1
志布志市松山町新橋,鹿児島県,2,31.583333333333332,131.03333333333333
薩摩川内市下甑町青瀬,鹿児島県,2,31.683333333333334,129.71666666666667
薩摩川内市里町,鹿児島県,2,31.85,129.91666666666666
枕崎市若葉町,鹿児島県,1,31.283333333333335,130.3
南さつま市坊津町久志,鹿児島県,1,31.316666666666666,130.23333333333332
鹿屋市吾平町麓,鹿児島県,1,31.333333333333332,130.9
錦江町田代麓,鹿児島県,1,31.166666666666668,130.91666666666666
錦江町田代支所,鹿児島県,1,31.2,130.85
錦江町城元,鹿児島県,1,31.25,130.78333333333333
肝付町北方,鹿児島県,1,31.283333333333335,131.05
志布志市有明町野井倉,鹿児島県,1,31.5,131.05
屋久島町口永良部島公民館,鹿児島県,1,30.466666666666665,130.2
今治市大三島町,愛媛県,3,34.25,133.0
宇和島市吉田町,愛媛県,3,33.28333333333333,132.53333333333333
八幡浜市保内町,愛媛県,3,33.483333333333334,132.4
伊方町湊浦,愛媛県,3,33.483333333333334,132.35
西予市明浜町（旧）,愛媛県,3,33.31666666666667,132.43333333333334
今治市南宝来町二丁目,愛媛県,2,34.06666666666667,133.0
今治市大西町,愛媛県,2,34.06666666666667,132.93333333333334
今治市菊間町,愛媛県,2,34.03333333333333,132.83333333333334
上島町弓削,愛媛県,2,34.25,133.2
松山市北持田町（旧）,愛媛県,2,33.85,132.78333333333333
松山市富久町,愛媛県,2,33.81666666666667,132.73333333333332
松山市中島大浦,愛媛県,2,33.983333333333334,132.63333333333333
伊予市下吾川,愛媛県,2,33.766666666666666,132.71666666666667
愛媛松前町筒井,愛媛県,2,33.78333333333333,132.71666666666667
東温市見奈良,愛媛県,2,33.78333333333333,132.86666666666667
宇和島市住吉町,愛媛県,2,33.233333333333334,132.55
宇和島市丸穂,愛媛県,2,33.21666666666667,132.56666666666666
宇和島市津島町,愛媛県,2,33.13333333333333,132.51666666666668
宇和島市三間町,愛媛県,2,33.28333333333333,132.6
八幡浜市五反田,愛媛県,2,33.45,132.43333333333334
大洲市大洲,愛媛県,2,33.5,132.55
伊方町三崎,愛媛県,2,33.4,132.11666666666667
伊方町三机,愛媛県,2,33.45,132.25
松野町松丸（旧）,愛媛県,2,33.233333333333334,132.71666666666667
西予市宇和町,愛媛県,2,33.36666666666667,132.51666666666668
西予市三瓶町,愛媛県,2,33.38333333333333,132.41666666666666
愛南町船越,愛媛県,2,32.95,132.5
愛南町柏,愛媛県,2,33.016666666666666,132.5
愛南町一本松,愛媛県,2,32.96666666666667,132.65
愛媛鬼北町近永,愛媛県,2,33.25,132.68333333333334
今治市波方町（旧）,愛媛県,1,34.1,132.95
今治市吉海町,愛媛県,1,34.15,133.05
今治市宮窪町,愛媛県,1,34.166666666666664,133.08333333333334
今治市上浦町,愛媛県,1,34.266666666666666,133.03333333333333
西条市丹原町鞍瀬,愛媛県,1,33.78333333333333,133.05
西条市新田,愛媛県,1,33.93333333333333,133.18333333333334
西条市丹原町池田,愛媛県,1,33.9,133.06666666666666
西条市小松町,愛媛県,1,33.9,133.11666666666667
四国中央市三島宮川,愛媛県,1,33.983333333333334,133.55
松山市北条辻,愛媛県,1,33.96666666666667,132.76666666666668
砥部町総津,愛媛県,1,33.63333333333333,132.8
久万高原町久万,愛媛県,1,33.65,132.9
東温市南方,愛媛県,1,33.8,132.91666666666666
八幡浜市広瀬,愛媛県,1,33.45,132.43333333333334
大洲市豊茂,愛媛県,1,33.56666666666667,132.48333333333332
大洲市肱川町,愛媛県,1,33.45,132.68333333333334
大洲市長浜,愛媛県,1,33.61666666666667,132.48333333333332
内子町内子,愛媛県,1,33.55,132.65
内子町平岡,愛媛県,1,33.53333333333333,132.65
西予市野村町,愛媛県,1,33.38333333333333,132.65
西予市城川町,愛媛県,1,33.38333333333333,132.75
愛南町御荘,愛媛県,1,32.96666666666667,132.56666666666666
愛南町城辺（旧）,愛媛県,1,32.96666666666667,132.58333333333334
愛媛鬼北町成川,愛媛県,1,33.21666666666667,132.61666666666667
愛媛鬼北町下鍵山,愛媛県,1,33.333333333333336,132.8
宿毛市桜町,高知県,3,32.93333333333333,132.73333333333332
黒潮町佐賀,高知県,3,33.083333333333336,133.1
安芸市西浜,高知県,2,33.5,133.9
安芸市矢ノ丸,高知県,2,33.5,133.9
高知市本町,高知県,2,33.55,133.53333333333333
高知市丸ノ内,高知県,2,33.56666666666667,133.53333333333333
高知市高須東町,高知県,2,33.55,133.58333333333334
日高村本郷（旧２）,高知県,2,33.53333333333333,133.36666666666667
宿毛市片島,高知県,2,32.916666666666664,132.7
土佐清水市足摺岬,高知県,2,32.71666666666667,133.01666666666668
土佐清水市松尾,高知県,2,32.733333333333334,132.98333333333332
四万十市古津賀,高知県,2,32.983333333333334,132.95
四万十市西土佐江川崎,高知県,2,33.166666666666664,132.78333333333333
黒潮町入野（旧）,高知県,2,33.03333333333333,133.01666666666668
室戸市浮津,高知県,1,33.28333333333333,134.15
奈半利町役場,高知県,1,33.416666666666664,134.01666666666668
田野町役場,高知県,1,33.43333333333333,134.0
芸西村和食,高知県,1,33.53333333333333,133.81666666666666
高知市春野町西分,高知県,1,33.5,133.48333333333332
高知市池,高知県,1,33.53333333333333,133.58333333333334
南国市オオソネ,高知県,1,33.583333333333336,133.63333333333333
須崎市山手町,高知県,1,33.4,133.28333333333333
須崎市西糺町,高知県,1,33.4,133.28333333333333
佐川町役場,高知県,1,33.5,133.28333333333333
越知町越知,高知県,1,33.53333333333333,133.25
いの町役場,高知県,1,33.55,133.43333333333334
仁淀川町森,高知県,1,33.53333333333333,133.13333333333333
高知香南市野市町西野（旧）,高知県,1,33.56666666666667,133.7
高知香南市吉川町吉原,高知県,1,33.55,133.7
高知香南市香我美町下分,高知県,1,33.56666666666667,133.75
高知香南市夜須町坪井,高知県,1,33.53333333333333,133.75
高知香南市赤岡支所,高知県,1,33.53333333333333,133.71666666666667
香美市土佐山田町宝町,高知県,1,33.6,133.68333333333334
香美市物部町大栃（旧）,高知県,1,33.7,133.88333333333333
香美市香北町美良布,高知県,1,33.65,133.78333333333333
土佐清水市有永,高知県,1,32.86666666666667,132.8
土佐清水市天神町,高知県,1,32.78333333333333,132.95
中土佐町久礼（旧）,高知県,1,33.333333333333336,133.23333333333332
中土佐町大野見吉野,高知県,1,33.333333333333336,133.13333333333333
梼原町広野,高知県,1,33.4,132.9
梼原町梼原,高知県,1,33.4,132.93333333333334
大月町弘見,高知県,1,32.85,132.7
四万十町窪川中津川,高知県,1,33.31666666666667,133.06666666666666
四万十町大正,高知県,1,33.2,132.98333333333332
四万十町十川,高知県,1,33.233333333333334,132.85
四万十町琴平町,高知県,1,33.21666666666667,133.13333333333333
高知津野町永野,高知県,1,33.45,133.2
鳥取市福部町細川,鳥取県,2,35.55,134.28333333333333
湯梨浜町久留,鳥取県,2,35.483333333333334,133.86666666666667
米子市東町,鳥取県,2,35.43333333333333,133.33333333333334
境港市東本町,鳥取県,2,35.55,133.23333333333332
境港市上道町,鳥取県,2,35.53333333333333,133.23333333333332
鳥取市吉方,鳥取県,1,35.483333333333334,134.23333333333332
鳥取市青谷町青谷（旧）,鳥取県,1,35.516666666666666,134.0
琴浦町赤碕,鳥取県,1,35.516666666666666,133.63333333333333
琴浦町徳万,鳥取県,1,35.5,133.7
湯梨浜町龍島,鳥取県,1,35.46666666666667,133.9
北栄町土下（旧）,鳥取県,1,35.483333333333334,133.81666666666666
米子市博労町,鳥取県,1,35.43333333333333,133.33333333333334
米子市淀江町,鳥取県,1,35.45,133.41666666666666
日吉津村日吉津,鳥取県,1,35.43333333333333,133.38333333333333
大山町御来屋,鳥取県,1,35.516666666666666,133.5
大山町赤坂（旧）,鳥取県,1,35.516666666666666,133.58333333333334
大山町末長,鳥取県,1,35.483333333333334,133.46666666666667
出雲市今市町,島根県,2,35.36666666666667,132.75
出雲市塩冶有原町,島根県,2,35.36666666666667,132.75
出雲市湖陵町二部（旧２）,島根県,2,35.31666666666667,132.66666666666666
出雲市大社町杵築南（旧２）,島根県,2,35.38333333333333,132.68333333333334
浜田市殿町（旧）,島根県,2,34.9,132.08333333333334
浜田市三隅町三隅（旧）,島根県,2,34.78333333333333,131.96666666666667
益田市常盤町（旧）,島根県,2,34.666666666666664,131.85
大田市仁摩町仁万（旧）,島根県,2,35.15,132.4
吉賀町六日市（旧）,島根県,2,34.35,131.93333333333334
松江市西津田,島根県,1,35.45,133.06666666666666
松江市玉湯町湯町（旧）,島根県,1,35.43333333333333,133.0
出雲市平田町（旧２）,島根県,1,35.43333333333333,132.81666666666666
出雲市斐川町荘原,島根県,1,35.4,132.85
安来市安来町（旧）,島根県,1,35.43333333333333,133.25
雲南市三刀屋町三刀屋（旧２）,島根県,1,35.28333333333333,132.86666666666667
雲南市木次町里方（旧）,島根県,1,35.3,132.9
益田市匹見町石谷,島根県,1,34.53333333333333,131.93333333333334
益田市水分町,島根県,1,34.666666666666664,131.85
益田市美都町都茂（旧２）,島根県,1,34.666666666666664,131.98333333333332
大田市大田町（旧）,島根県,1,35.2,132.5
江津市桜江町川戸（旧２）,島根県,1,34.96666666666667,132.33333333333334
川本町川本（旧２）,島根県,1,35.0,132.5
津和野町後田（旧）,島根県,1,34.46666666666667,131.76666666666668
津和野町日原,島根県,1,34.55,131.83333333333334
島根美郷町都賀本郷（旧２）,島根県,1,34.95,132.65
邑南町淀原,島根県,1,34.85,132.53333333333333
吉賀町柿木村柿木（旧２）,島根県,1,34.45,131.86666666666667
真庭市蒜山下福田,岡山県,2,35.28333333333333,133.68333333333334
玉野市宇野,岡山県,2,34.5,133.95
真庭市蒜山上福田,岡山県,1,35.28333333333333,133.63333333333333
倉敷市新田,岡山県,1,34.583333333333336,133.76666666666668
倉敷市沖,岡山県,1,34.583333333333336,133.75
倉敷市真備町,岡山県,1,34.63333333333333,133.7
倉敷市児島小川町,岡山県,1,34.46666666666667,133.81666666666666
倉敷市水島北幸町,岡山県,1,34.53333333333333,133.75
倉敷市玉島阿賀崎,岡山県,1,34.55,133.66666666666666
倉敷市船穂町,岡山県,1,34.583333333333336,133.71666666666667
笠岡市笠岡,岡山県,1,34.5,133.5
早島町前潟,岡山県,1,34.6,133.83333333333334
里庄町里見,岡山県,1,34.516666666666666,133.55
矢掛町矢掛,岡山県,1,34.63333333333333,133.58333333333334
瀬戸内市長船町（旧）,岡山県,1,34.7,134.1
赤磐市上市,岡山県,1,34.75,134.01666666666668
浅口市天草公園,岡山県,1,34.53333333333333,133.58333333333334
浅口市金光町,岡山県,1,34.55,133.61666666666667
岡山南区片岡,岡山県,1,34.55,133.86666666666667
岡山南区浦安南町,岡山県,1,34.6,133.93333333333334
尾道市久保（旧２）,広島県,2,34.416666666666664,133.2
尾道市瀬戸田町,広島県,2,34.3,133.1
広島中区羽衣町,広島県,2,34.38333333333333,132.45
広島南区宇品海岸,広島県,2,34.35,132.46666666666667
呉市宝町,広島県,2,34.233333333333334,132.55
呉市二河町,広島県,2,34.25,132.56666666666666
呉市広,広島県,2,34.233333333333334,132.61666666666667
呉市川尻町,広島県,2,34.233333333333334,132.7
呉市音戸町,広島県,2,34.18333333333333,132.53333333333333
呉市安浦町,広島県,2,34.28333333333333,132.75
呉市豊町,広島県,2,34.18333333333333,132.85
大竹市小方,広島県,2,34.233333333333334,132.21666666666667
東広島市黒瀬町,広島県,2,34.31666666666667,132.68333333333334
廿日市市大野,広島県,2,34.28333333333333,132.28333333333333
府中町大通り,広島県,2,34.4,132.5
坂町役場,広島県,2,34.333333333333336,132.51666666666668
江田島市能美町（旧）,広島県,2,34.21666666666667,132.45
江田島市沖美町（旧）,広島県,2,34.266666666666666,132.4
江田島市大柿町,広島県,2,34.166666666666664,132.46666666666667
竹原市中央,広島県,2,34.333333333333336,132.9
大崎上島町東野,広島県,2,34.266666666666666,132.91666666666666
広島三次市十日市中,広島県,1,34.8,132.85
広島三次市吉舎町（旧２）,広島県,1,34.71666666666667,133.0
安芸高田市向原町長田,広島県,1,34.6,132.71666666666667
安芸高田市向原町,広島県,1,34.61666666666667,132.71666666666667
安芸太田町中筒賀,広島県,1,34.56666666666667,132.25
安芸太田町戸河内,広島県,1,34.583333333333336,132.23333333333332
北広島町有田,広島県,1,34.666666666666664,132.53333333333333
三原市円一町,広島県,1,34.4,133.08333333333334
三原市本郷南（旧２）,広島県,1,34.4,132.98333333333332
尾道市向島町,広島県,1,34.4,133.2
福山市松永町,広島県,1,34.45,133.25
福山市駅家町,広島県,1,34.55,133.33333333333334
広島中区上八丁堀,広島県,1,34.4,132.46666666666667
広島西区己斐,広島県,1,34.4,132.41666666666666
広島安佐南区祇園,広島県,1,34.43333333333333,132.46666666666667
広島安佐北区可部南,広島県,1,34.5,132.51666666666668
広島安芸区中野,広島県,1,34.4,132.58333333333334
広島佐伯区利松,広島県,1,34.4,132.36666666666667
呉市倉橋町鳶ヶ巣,広島県,1,34.15,132.53333333333333
呉市郷原町,広島県,1,34.3,132.65
呉市下蒲刈町,広島県,1,34.18333333333333,132.68333333333334
呉市豊浜町,広島県,1,34.18333333333333,132.8
呉市焼山,広島県,1,34.3,132.55
東広島市西条栄町,広島県,1,34.43333333333333,132.75
廿日市市下平良,広島県,1,34.35,132.33333333333334
廿日市市津田（旧）,広島県,1,34.36666666666667,132.18333333333334
廿日市市吉和（旧）,広島県,1,34.483333333333334,132.15
海田町上市,広島県,1,34.36666666666667,132.53333333333333
熊野町役場,広島県,1,34.333333333333336,132.58333333333334
江田島市江田島町,広島県,1,34.25,132.48333333333332
大崎上島町中野,広島県,1,34.25,132.88333333333333
大崎上島町木江,広島県,1,34.233333333333334,132.91666666666666
徳島市大和町,徳島県,2,34.06666666666667,134.56666666666666
北島町中村,徳島県,2,34.13333333333333,134.55
吉野川市鴨島町,徳島県,1,34.06666666666667,134.36666666666667
美馬市脇町（旧）,徳島県,1,34.06666666666667,134.15
徳島三好市池田総合体育館,徳島県,1,34.03333333333333,133.8
坂出市久米町,香川県,2,34.31666666666667,133.86666666666667
観音寺市坂本町,香川県,2,34.13333333333333,133.66666666666666
観音寺市瀬戸町,香川県,2,34.11666666666667,133.63333333333333
三豊市豊中町,香川県,2,34.15,133.7
三豊市三野町（旧２）,香川県,2,34.2,133.7
高松市伏石町（旧）,香川県,1,34.31666666666667,134.05
高松市扇町,香川県,1,34.35,134.03333333333333
東かがわ市西村,香川県,1,34.25,134.31666666666666
土庄町甲,香川県,1,34.483333333333334,134.18333333333334
小豆島町安田,香川県,1,34.483333333333334,134.31666666666666
丸亀市新田町,香川県,1,34.266666666666666,133.78333333333333
多度津町家中,香川県,1,34.28333333333333,133.75
諏訪市湖岸通り,長野県,1,36.05,138.11666666666667
海津市海津町,岐阜県,1,35.21666666666667,136.63333333333333
大東市新町,大阪府,1,34.7,135.61666666666667
岸和田市岸城町,大阪府,1,34.45,135.36666666666667
泉佐野市りんくう往来,大阪府,1,34.416666666666664,135.3
豊岡市桜町,兵庫県,1,35.53333333333333,134.81666666666666
和歌山美浜町和田,和歌山県,1,33.9,135.13333333333333
紀の川市西大井,和歌山県,1,34.266666666666666,135.36666666666667
